userID,unique_user_id,email,hashedPassword,salt,firstName,lastName,accountCreationDate,verified,currentDepartment,groupID
0,0,user0@testemail.com,password0,salt0,firstname0,lastname0,0/1/2022,True,1,0
1,1,user1@testemail.com,password1,salt1,firstname1,lastname1,1/1/2022,True,2,1
2,2,user2@testemail.com,password2,salt2,firstname2,lastname2,2/1/2022,True,3,2
3,3,user3@testemail.com,password3,salt3,firstname3,lastname3,3/1/2022,True,4,3
4,4,user4@testemail.com,password4,salt4,firstname4,lastname4,4/1/2022,True,5,4
5,5,user5@testemail.com,password5,salt5,firstname5,lastname5,5/1/2022,True,6,5
6,6,user6@testemail.com,password6,salt6,firstname6,lastname6,6/1/2022,True,7,6
7,7,user7@testemail.com,password7,salt7,firstname7,lastname7,7/1/2022,True,8,7
8,8,user8@testemail.com,password8,salt8,firstname8,lastname8,8/1/2022,True,9,8
9,9,user9@testemail.com,password9,salt9,firstname9,lastname9,9/1/2022,True,10,9
10,10,user10@testemail.com,password10,salt10,firstname10,lastname10,10/1/2022,True,1,10
11,11,user11@testemail.com,password11,salt11,firstname11,lastname11,11/1/2022,True,2,11
12,12,user12@testemail.com,password12,salt12,firstname12,lastname12,12/1/2022,True,3,12
13,13,user13@testemail.com,password13,salt13,firstname13,lastname13,13/1/2022,True,4,13
14,14,user14@testemail.com,password14,salt14,firstname14,lastname14,14/1/2022,True,5,14
15,15,user15@testemail.com,password15,salt15,firstname15,lastname15,15/1/2022,True,6,15
16,16,user16@testemail.com,password16,salt16,firstname16,lastname16,16/1/2022,True,7,16
17,17,user17@testemail.com,password17,salt17,firstname17,lastname17,17/1/2022,True,8,17
18,18,user18@testemail.com,password18,salt18,firstname18,lastname18,18/1/2022,True,9,18
19,19,user19@testemail.com,password19,salt19,firstname19,lastname19,19/1/2022,True,10,19
20,20,user20@testemail.com,password20,salt20,firstname20,lastname20,20/1/2022,True,1,0
21,21,user21@testemail.com,password21,salt21,firstname21,lastname21,21/1/2022,True,2,1
22,22,user22@testemail.com,password22,salt22,firstname22,lastname22,22/1/2022,True,3,2
23,23,user23@testemail.com,password23,salt23,firstname23,lastname23,23/1/2022,True,4,3
24,24,user24@testemail.com,password24,salt24,firstname24,lastname24,24/1/2022,True,5,4
25,25,user25@testemail.com,password25,salt25,firstname25,lastname25,25/1/2022,True,6,5
26,26,user26@testemail.com,password26,salt26,firstname26,lastname26,26/1/2022,True,7,6
27,27,user27@testemail.com,password27,salt27,firstname27,lastname27,27/1/2022,True,8,7
28,28,user28@testemail.com,password28,salt28,firstname28,lastname28,28/1/2022,True,9,8
29,29,user29@testemail.com,password29,salt29,firstname29,lastname29,29/1/2022,True,10,9
30,30,user30@testemail.com,password30,salt30,firstname30,lastname30,0/1/2022,True,1,10
31,31,user31@testemail.com,password31,salt31,firstname31,lastname31,1/1/2022,True,2,11
32,32,user32@testemail.com,password32,salt32,firstname32,lastname32,2/1/2022,True,3,12
33,33,user33@testemail.com,password33,salt33,firstname33,lastname33,3/1/2022,True,4,13
34,34,user34@testemail.com,password34,salt34,firstname34,lastname34,4/1/2022,True,5,14
35,35,user35@testemail.com,password35,salt35,firstname35,lastname35,5/1/2022,True,6,15
36,36,user36@testemail.com,password36,salt36,firstname36,lastname36,6/1/2022,True,7,16
37,37,user37@testemail.com,password37,salt37,firstname37,lastname37,7/1/2022,True,8,17
38,38,user38@testemail.com,password38,salt38,firstname38,lastname38,8/1/2022,True,9,18
39,39,user39@testemail.com,password39,salt39,firstname39,lastname39,9/1/2022,True,10,19
40,40,user40@testemail.com,password40,salt40,firstname40,lastname40,10/1/2022,True,1,0
41,41,user41@testemail.com,password41,salt41,firstname41,lastname41,11/1/2022,True,2,1
42,42,user42@testemail.com,password42,salt42,firstname42,lastname42,12/1/2022,True,3,2
43,43,user43@testemail.com,password43,salt43,firstname43,lastname43,13/1/2022,True,4,3
44,44,user44@testemail.com,password44,salt44,firstname44,lastname44,14/1/2022,True,5,4
45,45,user45@testemail.com,password45,salt45,firstname45,lastname45,15/1/2022,True,6,5
46,46,user46@testemail.com,password46,salt46,firstname46,lastname46,16/1/2022,True,7,6
47,47,user47@testemail.com,password47,salt47,firstname47,lastname47,17/1/2022,True,8,7
48,48,user48@testemail.com,password48,salt48,firstname48,lastname48,18/1/2022,True,9,8
49,49,user49@testemail.com,password49,salt49,firstname49,lastname49,19/1/2022,True,10,9
50,50,user50@testemail.com,password50,salt50,firstname50,lastname50,20/1/2022,True,1,10
51,51,user51@testemail.com,password51,salt51,firstname51,lastname51,21/1/2022,True,2,11
52,52,user52@testemail.com,password52,salt52,firstname52,lastname52,22/1/2022,True,3,12
53,53,user53@testemail.com,password53,salt53,firstname53,lastname53,23/1/2022,True,4,13
54,54,user54@testemail.com,password54,salt54,firstname54,lastname54,24/1/2022,True,5,14
55,55,user55@testemail.com,password55,salt55,firstname55,lastname55,25/1/2022,True,6,15
56,56,user56@testemail.com,password56,salt56,firstname56,lastname56,26/1/2022,True,7,16
57,57,user57@testemail.com,password57,salt57,firstname57,lastname57,27/1/2022,True,8,17
58,58,user58@testemail.com,password58,salt58,firstname58,lastname58,28/1/2022,True,9,18
59,59,user59@testemail.com,password59,salt59,firstname59,lastname59,29/1/2022,True,10,19
60,60,user60@testemail.com,password60,salt60,firstname60,lastname60,0/1/2022,True,1,0
61,61,user61@testemail.com,password61,salt61,firstname61,lastname61,1/1/2022,True,2,1
62,62,user62@testemail.com,password62,salt62,firstname62,lastname62,2/1/2022,True,3,2
63,63,user63@testemail.com,password63,salt63,firstname63,lastname63,3/1/2022,True,4,3
64,64,user64@testemail.com,password64,salt64,firstname64,lastname64,4/1/2022,True,5,4
65,65,user65@testemail.com,password65,salt65,firstname65,lastname65,5/1/2022,True,6,5
66,66,user66@testemail.com,password66,salt66,firstname66,lastname66,6/1/2022,True,7,6
67,67,user67@testemail.com,password67,salt67,firstname67,lastname67,7/1/2022,True,8,7
68,68,user68@testemail.com,password68,salt68,firstname68,lastname68,8/1/2022,True,9,8
69,69,user69@testemail.com,password69,salt69,firstname69,lastname69,9/1/2022,True,10,9
70,70,user70@testemail.com,password70,salt70,firstname70,lastname70,10/1/2022,True,1,10
71,71,user71@testemail.com,password71,salt71,firstname71,lastname71,11/1/2022,True,2,11
72,72,user72@testemail.com,password72,salt72,firstname72,lastname72,12/1/2022,True,3,12
73,73,user73@testemail.com,password73,salt73,firstname73,lastname73,13/1/2022,True,4,13
74,74,user74@testemail.com,password74,salt74,firstname74,lastname74,14/1/2022,True,5,14
75,75,user75@testemail.com,password75,salt75,firstname75,lastname75,15/1/2022,True,6,15
76,76,user76@testemail.com,password76,salt76,firstname76,lastname76,16/1/2022,True,7,16
77,77,user77@testemail.com,password77,salt77,firstname77,lastname77,17/1/2022,True,8,17
78,78,user78@testemail.com,password78,salt78,firstname78,lastname78,18/1/2022,True,9,18
79,79,user79@testemail.com,password79,salt79,firstname79,lastname79,19/1/2022,True,10,19
80,80,user80@testemail.com,password80,salt80,firstname80,lastname80,20/1/2022,True,1,0
81,81,user81@testemail.com,password81,salt81,firstname81,lastname81,21/1/2022,True,2,1
82,82,user82@testemail.com,password82,salt82,firstname82,lastname82,22/1/2022,True,3,2
83,83,user83@testemail.com,password83,salt83,firstname83,lastname83,23/1/2022,True,4,3
84,84,user84@testemail.com,password84,salt84,firstname84,lastname84,24/1/2022,True,5,4
85,85,user85@testemail.com,password85,salt85,firstname85,lastname85,25/1/2022,True,6,5
86,86,user86@testemail.com,password86,salt86,firstname86,lastname86,26/1/2022,True,7,6
87,87,user87@testemail.com,password87,salt87,firstname87,lastname87,27/1/2022,True,8,7
88,88,user88@testemail.com,password88,salt88,firstname88,lastname88,28/1/2022,True,9,8
89,89,user89@testemail.com,password89,salt89,firstname89,lastname89,29/1/2022,True,10,9
90,90,user90@testemail.com,password90,salt90,firstname90,lastname90,0/1/2022,True,1,10
91,91,user91@testemail.com,password91,salt91,firstname91,lastname91,1/1/2022,True,2,11
92,92,user92@testemail.com,password92,salt92,firstname92,lastname92,2/1/2022,True,3,12
93,93,user93@testemail.com,password93,salt93,firstname93,lastname93,3/1/2022,True,4,13
94,94,user94@testemail.com,password94,salt94,firstname94,lastname94,4/1/2022,True,5,14
95,95,user95@testemail.com,password95,salt95,firstname95,lastname95,5/1/2022,True,6,15
96,96,user96@testemail.com,password96,salt96,firstname96,lastname96,6/1/2022,True,7,16
97,97,user97@testemail.com,password97,salt97,firstname97,lastname97,7/1/2022,True,8,17
98,98,user98@testemail.com,password98,salt98,firstname98,lastname98,8/1/2022,True,9,18
99,99,user99@testemail.com,password99,salt99,firstname99,lastname99,9/1/2022,True,10,19
100,100,user100@testemail.com,password100,salt100,firstname100,lastname100,10/1/2022,True,1,0
101,101,user101@testemail.com,password101,salt101,firstname101,lastname101,11/1/2022,True,2,1
102,102,user102@testemail.com,password102,salt102,firstname102,lastname102,12/1/2022,True,3,2
103,103,user103@testemail.com,password103,salt103,firstname103,lastname103,13/1/2022,True,4,3
104,104,user104@testemail.com,password104,salt104,firstname104,lastname104,14/1/2022,True,5,4
105,105,user105@testemail.com,password105,salt105,firstname105,lastname105,15/1/2022,True,6,5
106,106,user106@testemail.com,password106,salt106,firstname106,lastname106,16/1/2022,True,7,6
107,107,user107@testemail.com,password107,salt107,firstname107,lastname107,17/1/2022,True,8,7
108,108,user108@testemail.com,password108,salt108,firstname108,lastname108,18/1/2022,True,9,8
109,109,user109@testemail.com,password109,salt109,firstname109,lastname109,19/1/2022,True,10,9
110,110,user110@testemail.com,password110,salt110,firstname110,lastname110,20/1/2022,True,1,10
111,111,user111@testemail.com,password111,salt111,firstname111,lastname111,21/1/2022,True,2,11
112,112,user112@testemail.com,password112,salt112,firstname112,lastname112,22/1/2022,True,3,12
113,113,user113@testemail.com,password113,salt113,firstname113,lastname113,23/1/2022,True,4,13
114,114,user114@testemail.com,password114,salt114,firstname114,lastname114,24/1/2022,True,5,14
115,115,user115@testemail.com,password115,salt115,firstname115,lastname115,25/1/2022,True,6,15
116,116,user116@testemail.com,password116,salt116,firstname116,lastname116,26/1/2022,True,7,16
117,117,user117@testemail.com,password117,salt117,firstname117,lastname117,27/1/2022,True,8,17
118,118,user118@testemail.com,password118,salt118,firstname118,lastname118,28/1/2022,True,9,18
119,119,user119@testemail.com,password119,salt119,firstname119,lastname119,29/1/2022,True,10,19
120,120,user120@testemail.com,password120,salt120,firstname120,lastname120,0/1/2022,True,1,0
121,121,user121@testemail.com,password121,salt121,firstname121,lastname121,1/1/2022,True,2,1
122,122,user122@testemail.com,password122,salt122,firstname122,lastname122,2/1/2022,True,3,2
123,123,user123@testemail.com,password123,salt123,firstname123,lastname123,3/1/2022,True,4,3
124,124,user124@testemail.com,password124,salt124,firstname124,lastname124,4/1/2022,True,5,4
125,125,user125@testemail.com,password125,salt125,firstname125,lastname125,5/1/2022,True,6,5
126,126,user126@testemail.com,password126,salt126,firstname126,lastname126,6/1/2022,True,7,6
127,127,user127@testemail.com,password127,salt127,firstname127,lastname127,7/1/2022,True,8,7
128,128,user128@testemail.com,password128,salt128,firstname128,lastname128,8/1/2022,True,9,8
129,129,user129@testemail.com,password129,salt129,firstname129,lastname129,9/1/2022,True,10,9
130,130,user130@testemail.com,password130,salt130,firstname130,lastname130,10/1/2022,True,1,10
131,131,user131@testemail.com,password131,salt131,firstname131,lastname131,11/1/2022,True,2,11
132,132,user132@testemail.com,password132,salt132,firstname132,lastname132,12/1/2022,True,3,12
133,133,user133@testemail.com,password133,salt133,firstname133,lastname133,13/1/2022,True,4,13
134,134,user134@testemail.com,password134,salt134,firstname134,lastname134,14/1/2022,True,5,14
135,135,user135@testemail.com,password135,salt135,firstname135,lastname135,15/1/2022,True,6,15
136,136,user136@testemail.com,password136,salt136,firstname136,lastname136,16/1/2022,True,7,16
137,137,user137@testemail.com,password137,salt137,firstname137,lastname137,17/1/2022,True,8,17
138,138,user138@testemail.com,password138,salt138,firstname138,lastname138,18/1/2022,True,9,18
139,139,user139@testemail.com,password139,salt139,firstname139,lastname139,19/1/2022,True,10,19
140,140,user140@testemail.com,password140,salt140,firstname140,lastname140,20/1/2022,True,1,0
141,141,user141@testemail.com,password141,salt141,firstname141,lastname141,21/1/2022,True,2,1
142,142,user142@testemail.com,password142,salt142,firstname142,lastname142,22/1/2022,True,3,2
143,143,user143@testemail.com,password143,salt143,firstname143,lastname143,23/1/2022,True,4,3
144,144,user144@testemail.com,password144,salt144,firstname144,lastname144,24/1/2022,True,5,4
145,145,user145@testemail.com,password145,salt145,firstname145,lastname145,25/1/2022,True,6,5
146,146,user146@testemail.com,password146,salt146,firstname146,lastname146,26/1/2022,True,7,6
147,147,user147@testemail.com,password147,salt147,firstname147,lastname147,27/1/2022,True,8,7
148,148,user148@testemail.com,password148,salt148,firstname148,lastname148,28/1/2022,True,9,8
149,149,user149@testemail.com,password149,salt149,firstname149,lastname149,29/1/2022,True,10,9
150,150,user150@testemail.com,password150,salt150,firstname150,lastname150,0/1/2022,True,1,10
151,151,user151@testemail.com,password151,salt151,firstname151,lastname151,1/1/2022,True,2,11
152,152,user152@testemail.com,password152,salt152,firstname152,lastname152,2/1/2022,True,3,12
153,153,user153@testemail.com,password153,salt153,firstname153,lastname153,3/1/2022,True,4,13
154,154,user154@testemail.com,password154,salt154,firstname154,lastname154,4/1/2022,True,5,14
155,155,user155@testemail.com,password155,salt155,firstname155,lastname155,5/1/2022,True,6,15
156,156,user156@testemail.com,password156,salt156,firstname156,lastname156,6/1/2022,True,7,16
157,157,user157@testemail.com,password157,salt157,firstname157,lastname157,7/1/2022,True,8,17
158,158,user158@testemail.com,password158,salt158,firstname158,lastname158,8/1/2022,True,9,18
159,159,user159@testemail.com,password159,salt159,firstname159,lastname159,9/1/2022,True,10,19
160,160,user160@testemail.com,password160,salt160,firstname160,lastname160,10/1/2022,True,1,0
161,161,user161@testemail.com,password161,salt161,firstname161,lastname161,11/1/2022,True,2,1
162,162,user162@testemail.com,password162,salt162,firstname162,lastname162,12/1/2022,True,3,2
163,163,user163@testemail.com,password163,salt163,firstname163,lastname163,13/1/2022,True,4,3
164,164,user164@testemail.com,password164,salt164,firstname164,lastname164,14/1/2022,True,5,4
165,165,user165@testemail.com,password165,salt165,firstname165,lastname165,15/1/2022,True,6,5
166,166,user166@testemail.com,password166,salt166,firstname166,lastname166,16/1/2022,True,7,6
167,167,user167@testemail.com,password167,salt167,firstname167,lastname167,17/1/2022,True,8,7
168,168,user168@testemail.com,password168,salt168,firstname168,lastname168,18/1/2022,True,9,8
169,169,user169@testemail.com,password169,salt169,firstname169,lastname169,19/1/2022,True,10,9
170,170,user170@testemail.com,password170,salt170,firstname170,lastname170,20/1/2022,True,1,10
171,171,user171@testemail.com,password171,salt171,firstname171,lastname171,21/1/2022,True,2,11
172,172,user172@testemail.com,password172,salt172,firstname172,lastname172,22/1/2022,True,3,12
173,173,user173@testemail.com,password173,salt173,firstname173,lastname173,23/1/2022,True,4,13
174,174,user174@testemail.com,password174,salt174,firstname174,lastname174,24/1/2022,True,5,14
175,175,user175@testemail.com,password175,salt175,firstname175,lastname175,25/1/2022,True,6,15
176,176,user176@testemail.com,password176,salt176,firstname176,lastname176,26/1/2022,True,7,16
177,177,user177@testemail.com,password177,salt177,firstname177,lastname177,27/1/2022,True,8,17
178,178,user178@testemail.com,password178,salt178,firstname178,lastname178,28/1/2022,True,9,18
179,179,user179@testemail.com,password179,salt179,firstname179,lastname179,29/1/2022,True,10,19
180,180,user180@testemail.com,password180,salt180,firstname180,lastname180,0/1/2022,True,1,0
181,181,user181@testemail.com,password181,salt181,firstname181,lastname181,1/1/2022,True,2,1
182,182,user182@testemail.com,password182,salt182,firstname182,lastname182,2/1/2022,True,3,2
183,183,user183@testemail.com,password183,salt183,firstname183,lastname183,3/1/2022,True,4,3
184,184,user184@testemail.com,password184,salt184,firstname184,lastname184,4/1/2022,True,5,4
185,185,user185@testemail.com,password185,salt185,firstname185,lastname185,5/1/2022,True,6,5
186,186,user186@testemail.com,password186,salt186,firstname186,lastname186,6/1/2022,True,7,6
187,187,user187@testemail.com,password187,salt187,firstname187,lastname187,7/1/2022,True,8,7
188,188,user188@testemail.com,password188,salt188,firstname188,lastname188,8/1/2022,True,9,8
189,189,user189@testemail.com,password189,salt189,firstname189,lastname189,9/1/2022,True,10,9
190,190,user190@testemail.com,password190,salt190,firstname190,lastname190,10/1/2022,True,1,10
191,191,user191@testemail.com,password191,salt191,firstname191,lastname191,11/1/2022,True,2,11
192,192,user192@testemail.com,password192,salt192,firstname192,lastname192,12/1/2022,True,3,12
193,193,user193@testemail.com,password193,salt193,firstname193,lastname193,13/1/2022,True,4,13
194,194,user194@testemail.com,password194,salt194,firstname194,lastname194,14/1/2022,True,5,14
195,195,user195@testemail.com,password195,salt195,firstname195,lastname195,15/1/2022,True,6,15
196,196,user196@testemail.com,password196,salt196,firstname196,lastname196,16/1/2022,True,7,16
197,197,user197@testemail.com,password197,salt197,firstname197,lastname197,17/1/2022,True,8,17
198,198,user198@testemail.com,password198,salt198,firstname198,lastname198,18/1/2022,True,9,18
199,199,user199@testemail.com,password199,salt199,firstname199,lastname199,19/1/2022,True,10,19
200,200,user200@testemail.com,password200,salt200,firstname200,lastname200,20/1/2022,True,1,0
201,201,user201@testemail.com,password201,salt201,firstname201,lastname201,21/1/2022,True,2,1
202,202,user202@testemail.com,password202,salt202,firstname202,lastname202,22/1/2022,True,3,2
203,203,user203@testemail.com,password203,salt203,firstname203,lastname203,23/1/2022,True,4,3
204,204,user204@testemail.com,password204,salt204,firstname204,lastname204,24/1/2022,True,5,4
205,205,user205@testemail.com,password205,salt205,firstname205,lastname205,25/1/2022,True,6,5
206,206,user206@testemail.com,password206,salt206,firstname206,lastname206,26/1/2022,True,7,6
207,207,user207@testemail.com,password207,salt207,firstname207,lastname207,27/1/2022,True,8,7
208,208,user208@testemail.com,password208,salt208,firstname208,lastname208,28/1/2022,True,9,8
209,209,user209@testemail.com,password209,salt209,firstname209,lastname209,29/1/2022,True,10,9
210,210,user210@testemail.com,password210,salt210,firstname210,lastname210,0/1/2022,True,1,10
211,211,user211@testemail.com,password211,salt211,firstname211,lastname211,1/1/2022,True,2,11
212,212,user212@testemail.com,password212,salt212,firstname212,lastname212,2/1/2022,True,3,12
213,213,user213@testemail.com,password213,salt213,firstname213,lastname213,3/1/2022,True,4,13
214,214,user214@testemail.com,password214,salt214,firstname214,lastname214,4/1/2022,True,5,14
215,215,user215@testemail.com,password215,salt215,firstname215,lastname215,5/1/2022,True,6,15
216,216,user216@testemail.com,password216,salt216,firstname216,lastname216,6/1/2022,True,7,16
217,217,user217@testemail.com,password217,salt217,firstname217,lastname217,7/1/2022,True,8,17
218,218,user218@testemail.com,password218,salt218,firstname218,lastname218,8/1/2022,True,9,18
219,219,user219@testemail.com,password219,salt219,firstname219,lastname219,9/1/2022,True,10,19
220,220,user220@testemail.com,password220,salt220,firstname220,lastname220,10/1/2022,True,1,0
221,221,user221@testemail.com,password221,salt221,firstname221,lastname221,11/1/2022,True,2,1
222,222,user222@testemail.com,password222,salt222,firstname222,lastname222,12/1/2022,True,3,2
223,223,user223@testemail.com,password223,salt223,firstname223,lastname223,13/1/2022,True,4,3
224,224,user224@testemail.com,password224,salt224,firstname224,lastname224,14/1/2022,True,5,4
225,225,user225@testemail.com,password225,salt225,firstname225,lastname225,15/1/2022,True,6,5
226,226,user226@testemail.com,password226,salt226,firstname226,lastname226,16/1/2022,True,7,6
227,227,user227@testemail.com,password227,salt227,firstname227,lastname227,17/1/2022,True,8,7
228,228,user228@testemail.com,password228,salt228,firstname228,lastname228,18/1/2022,True,9,8
229,229,user229@testemail.com,password229,salt229,firstname229,lastname229,19/1/2022,True,10,9
230,230,user230@testemail.com,password230,salt230,firstname230,lastname230,20/1/2022,True,1,10
231,231,user231@testemail.com,password231,salt231,firstname231,lastname231,21/1/2022,True,2,11
232,232,user232@testemail.com,password232,salt232,firstname232,lastname232,22/1/2022,True,3,12
233,233,user233@testemail.com,password233,salt233,firstname233,lastname233,23/1/2022,True,4,13
234,234,user234@testemail.com,password234,salt234,firstname234,lastname234,24/1/2022,True,5,14
235,235,user235@testemail.com,password235,salt235,firstname235,lastname235,25/1/2022,True,6,15
236,236,user236@testemail.com,password236,salt236,firstname236,lastname236,26/1/2022,True,7,16
237,237,user237@testemail.com,password237,salt237,firstname237,lastname237,27/1/2022,True,8,17
238,238,user238@testemail.com,password238,salt238,firstname238,lastname238,28/1/2022,True,9,18
239,239,user239@testemail.com,password239,salt239,firstname239,lastname239,29/1/2022,True,10,19
240,240,user240@testemail.com,password240,salt240,firstname240,lastname240,0/1/2022,True,1,0
241,241,user241@testemail.com,password241,salt241,firstname241,lastname241,1/1/2022,True,2,1
242,242,user242@testemail.com,password242,salt242,firstname242,lastname242,2/1/2022,True,3,2
243,243,user243@testemail.com,password243,salt243,firstname243,lastname243,3/1/2022,True,4,3
244,244,user244@testemail.com,password244,salt244,firstname244,lastname244,4/1/2022,True,5,4
245,245,user245@testemail.com,password245,salt245,firstname245,lastname245,5/1/2022,True,6,5
246,246,user246@testemail.com,password246,salt246,firstname246,lastname246,6/1/2022,True,7,6
247,247,user247@testemail.com,password247,salt247,firstname247,lastname247,7/1/2022,True,8,7
248,248,user248@testemail.com,password248,salt248,firstname248,lastname248,8/1/2022,True,9,8
249,249,user249@testemail.com,password249,salt249,firstname249,lastname249,9/1/2022,True,10,9
250,250,user250@testemail.com,password250,salt250,firstname250,lastname250,10/1/2022,True,1,10
251,251,user251@testemail.com,password251,salt251,firstname251,lastname251,11/1/2022,True,2,11
252,252,user252@testemail.com,password252,salt252,firstname252,lastname252,12/1/2022,True,3,12
253,253,user253@testemail.com,password253,salt253,firstname253,lastname253,13/1/2022,True,4,13
254,254,user254@testemail.com,password254,salt254,firstname254,lastname254,14/1/2022,True,5,14
255,255,user255@testemail.com,password255,salt255,firstname255,lastname255,15/1/2022,True,6,15
256,256,user256@testemail.com,password256,salt256,firstname256,lastname256,16/1/2022,True,7,16
257,257,user257@testemail.com,password257,salt257,firstname257,lastname257,17/1/2022,True,8,17
258,258,user258@testemail.com,password258,salt258,firstname258,lastname258,18/1/2022,True,9,18
259,259,user259@testemail.com,password259,salt259,firstname259,lastname259,19/1/2022,True,10,19
260,260,user260@testemail.com,password260,salt260,firstname260,lastname260,20/1/2022,True,1,0
261,261,user261@testemail.com,password261,salt261,firstname261,lastname261,21/1/2022,True,2,1
262,262,user262@testemail.com,password262,salt262,firstname262,lastname262,22/1/2022,True,3,2
263,263,user263@testemail.com,password263,salt263,firstname263,lastname263,23/1/2022,True,4,3
264,264,user264@testemail.com,password264,salt264,firstname264,lastname264,24/1/2022,True,5,4
265,265,user265@testemail.com,password265,salt265,firstname265,lastname265,25/1/2022,True,6,5
266,266,user266@testemail.com,password266,salt266,firstname266,lastname266,26/1/2022,True,7,6
267,267,user267@testemail.com,password267,salt267,firstname267,lastname267,27/1/2022,True,8,7
268,268,user268@testemail.com,password268,salt268,firstname268,lastname268,28/1/2022,True,9,8
269,269,user269@testemail.com,password269,salt269,firstname269,lastname269,29/1/2022,True,10,9
270,270,user270@testemail.com,password270,salt270,firstname270,lastname270,0/1/2022,True,1,10
271,271,user271@testemail.com,password271,salt271,firstname271,lastname271,1/1/2022,True,2,11
272,272,user272@testemail.com,password272,salt272,firstname272,lastname272,2/1/2022,True,3,12
273,273,user273@testemail.com,password273,salt273,firstname273,lastname273,3/1/2022,True,4,13
274,274,user274@testemail.com,password274,salt274,firstname274,lastname274,4/1/2022,True,5,14
275,275,user275@testemail.com,password275,salt275,firstname275,lastname275,5/1/2022,True,6,15
276,276,user276@testemail.com,password276,salt276,firstname276,lastname276,6/1/2022,True,7,16
277,277,user277@testemail.com,password277,salt277,firstname277,lastname277,7/1/2022,True,8,17
278,278,user278@testemail.com,password278,salt278,firstname278,lastname278,8/1/2022,True,9,18
279,279,user279@testemail.com,password279,salt279,firstname279,lastname279,9/1/2022,True,10,19
280,280,user280@testemail.com,password280,salt280,firstname280,lastname280,10/1/2022,True,1,0
281,281,user281@testemail.com,password281,salt281,firstname281,lastname281,11/1/2022,True,2,1
282,282,user282@testemail.com,password282,salt282,firstname282,lastname282,12/1/2022,True,3,2
283,283,user283@testemail.com,password283,salt283,firstname283,lastname283,13/1/2022,True,4,3
284,284,user284@testemail.com,password284,salt284,firstname284,lastname284,14/1/2022,True,5,4
285,285,user285@testemail.com,password285,salt285,firstname285,lastname285,15/1/2022,True,6,5
286,286,user286@testemail.com,password286,salt286,firstname286,lastname286,16/1/2022,True,7,6
287,287,user287@testemail.com,password287,salt287,firstname287,lastname287,17/1/2022,True,8,7
288,288,user288@testemail.com,password288,salt288,firstname288,lastname288,18/1/2022,True,9,8
289,289,user289@testemail.com,password289,salt289,firstname289,lastname289,19/1/2022,True,10,9
290,290,user290@testemail.com,password290,salt290,firstname290,lastname290,20/1/2022,True,1,10
291,291,user291@testemail.com,password291,salt291,firstname291,lastname291,21/1/2022,True,2,11
292,292,user292@testemail.com,password292,salt292,firstname292,lastname292,22/1/2022,True,3,12
293,293,user293@testemail.com,password293,salt293,firstname293,lastname293,23/1/2022,True,4,13
294,294,user294@testemail.com,password294,salt294,firstname294,lastname294,24/1/2022,True,5,14
295,295,user295@testemail.com,password295,salt295,firstname295,lastname295,25/1/2022,True,6,15
296,296,user296@testemail.com,password296,salt296,firstname296,lastname296,26/1/2022,True,7,16
297,297,user297@testemail.com,password297,salt297,firstname297,lastname297,27/1/2022,True,8,17
298,298,user298@testemail.com,password298,salt298,firstname298,lastname298,28/1/2022,True,9,18
299,299,user299@testemail.com,password299,salt299,firstname299,lastname299,29/1/2022,True,10,19
300,300,user300@testemail.com,password300,salt300,firstname300,lastname300,0/1/2022,True,1,0
301,301,user301@testemail.com,password301,salt301,firstname301,lastname301,1/1/2022,True,2,1
302,302,user302@testemail.com,password302,salt302,firstname302,lastname302,2/1/2022,True,3,2
303,303,user303@testemail.com,password303,salt303,firstname303,lastname303,3/1/2022,True,4,3
304,304,user304@testemail.com,password304,salt304,firstname304,lastname304,4/1/2022,True,5,4
305,305,user305@testemail.com,password305,salt305,firstname305,lastname305,5/1/2022,True,6,5
306,306,user306@testemail.com,password306,salt306,firstname306,lastname306,6/1/2022,True,7,6
307,307,user307@testemail.com,password307,salt307,firstname307,lastname307,7/1/2022,True,8,7
308,308,user308@testemail.com,password308,salt308,firstname308,lastname308,8/1/2022,True,9,8
309,309,user309@testemail.com,password309,salt309,firstname309,lastname309,9/1/2022,True,10,9
310,310,user310@testemail.com,password310,salt310,firstname310,lastname310,10/1/2022,True,1,10
311,311,user311@testemail.com,password311,salt311,firstname311,lastname311,11/1/2022,True,2,11
312,312,user312@testemail.com,password312,salt312,firstname312,lastname312,12/1/2022,True,3,12
313,313,user313@testemail.com,password313,salt313,firstname313,lastname313,13/1/2022,True,4,13
314,314,user314@testemail.com,password314,salt314,firstname314,lastname314,14/1/2022,True,5,14
315,315,user315@testemail.com,password315,salt315,firstname315,lastname315,15/1/2022,True,6,15
316,316,user316@testemail.com,password316,salt316,firstname316,lastname316,16/1/2022,True,7,16
317,317,user317@testemail.com,password317,salt317,firstname317,lastname317,17/1/2022,True,8,17
318,318,user318@testemail.com,password318,salt318,firstname318,lastname318,18/1/2022,True,9,18
319,319,user319@testemail.com,password319,salt319,firstname319,lastname319,19/1/2022,True,10,19
320,320,user320@testemail.com,password320,salt320,firstname320,lastname320,20/1/2022,True,1,0
321,321,user321@testemail.com,password321,salt321,firstname321,lastname321,21/1/2022,True,2,1
322,322,user322@testemail.com,password322,salt322,firstname322,lastname322,22/1/2022,True,3,2
323,323,user323@testemail.com,password323,salt323,firstname323,lastname323,23/1/2022,True,4,3
324,324,user324@testemail.com,password324,salt324,firstname324,lastname324,24/1/2022,True,5,4
325,325,user325@testemail.com,password325,salt325,firstname325,lastname325,25/1/2022,True,6,5
326,326,user326@testemail.com,password326,salt326,firstname326,lastname326,26/1/2022,True,7,6
327,327,user327@testemail.com,password327,salt327,firstname327,lastname327,27/1/2022,True,8,7
328,328,user328@testemail.com,password328,salt328,firstname328,lastname328,28/1/2022,True,9,8
329,329,user329@testemail.com,password329,salt329,firstname329,lastname329,29/1/2022,True,10,9
330,330,user330@testemail.com,password330,salt330,firstname330,lastname330,0/1/2022,True,1,10
331,331,user331@testemail.com,password331,salt331,firstname331,lastname331,1/1/2022,True,2,11
332,332,user332@testemail.com,password332,salt332,firstname332,lastname332,2/1/2022,True,3,12
333,333,user333@testemail.com,password333,salt333,firstname333,lastname333,3/1/2022,True,4,13
334,334,user334@testemail.com,password334,salt334,firstname334,lastname334,4/1/2022,True,5,14
335,335,user335@testemail.com,password335,salt335,firstname335,lastname335,5/1/2022,True,6,15
336,336,user336@testemail.com,password336,salt336,firstname336,lastname336,6/1/2022,True,7,16
337,337,user337@testemail.com,password337,salt337,firstname337,lastname337,7/1/2022,True,8,17
338,338,user338@testemail.com,password338,salt338,firstname338,lastname338,8/1/2022,True,9,18
339,339,user339@testemail.com,password339,salt339,firstname339,lastname339,9/1/2022,True,10,19
340,340,user340@testemail.com,password340,salt340,firstname340,lastname340,10/1/2022,True,1,0
341,341,user341@testemail.com,password341,salt341,firstname341,lastname341,11/1/2022,True,2,1
342,342,user342@testemail.com,password342,salt342,firstname342,lastname342,12/1/2022,True,3,2
343,343,user343@testemail.com,password343,salt343,firstname343,lastname343,13/1/2022,True,4,3
344,344,user344@testemail.com,password344,salt344,firstname344,lastname344,14/1/2022,True,5,4
345,345,user345@testemail.com,password345,salt345,firstname345,lastname345,15/1/2022,True,6,5
346,346,user346@testemail.com,password346,salt346,firstname346,lastname346,16/1/2022,True,7,6
347,347,user347@testemail.com,password347,salt347,firstname347,lastname347,17/1/2022,True,8,7
348,348,user348@testemail.com,password348,salt348,firstname348,lastname348,18/1/2022,True,9,8
349,349,user349@testemail.com,password349,salt349,firstname349,lastname349,19/1/2022,True,10,9
350,350,user350@testemail.com,password350,salt350,firstname350,lastname350,20/1/2022,True,1,10
351,351,user351@testemail.com,password351,salt351,firstname351,lastname351,21/1/2022,True,2,11
352,352,user352@testemail.com,password352,salt352,firstname352,lastname352,22/1/2022,True,3,12
353,353,user353@testemail.com,password353,salt353,firstname353,lastname353,23/1/2022,True,4,13
354,354,user354@testemail.com,password354,salt354,firstname354,lastname354,24/1/2022,True,5,14
355,355,user355@testemail.com,password355,salt355,firstname355,lastname355,25/1/2022,True,6,15
356,356,user356@testemail.com,password356,salt356,firstname356,lastname356,26/1/2022,True,7,16
357,357,user357@testemail.com,password357,salt357,firstname357,lastname357,27/1/2022,True,8,17
358,358,user358@testemail.com,password358,salt358,firstname358,lastname358,28/1/2022,True,9,18
359,359,user359@testemail.com,password359,salt359,firstname359,lastname359,29/1/2022,True,10,19
360,360,user360@testemail.com,password360,salt360,firstname360,lastname360,0/1/2022,True,1,0
361,361,user361@testemail.com,password361,salt361,firstname361,lastname361,1/1/2022,True,2,1
362,362,user362@testemail.com,password362,salt362,firstname362,lastname362,2/1/2022,True,3,2
363,363,user363@testemail.com,password363,salt363,firstname363,lastname363,3/1/2022,True,4,3
364,364,user364@testemail.com,password364,salt364,firstname364,lastname364,4/1/2022,True,5,4
365,365,user365@testemail.com,password365,salt365,firstname365,lastname365,5/1/2022,True,6,5
366,366,user366@testemail.com,password366,salt366,firstname366,lastname366,6/1/2022,True,7,6
367,367,user367@testemail.com,password367,salt367,firstname367,lastname367,7/1/2022,True,8,7
368,368,user368@testemail.com,password368,salt368,firstname368,lastname368,8/1/2022,True,9,8
369,369,user369@testemail.com,password369,salt369,firstname369,lastname369,9/1/2022,True,10,9
370,370,user370@testemail.com,password370,salt370,firstname370,lastname370,10/1/2022,True,1,10
371,371,user371@testemail.com,password371,salt371,firstname371,lastname371,11/1/2022,True,2,11
372,372,user372@testemail.com,password372,salt372,firstname372,lastname372,12/1/2022,True,3,12
373,373,user373@testemail.com,password373,salt373,firstname373,lastname373,13/1/2022,True,4,13
374,374,user374@testemail.com,password374,salt374,firstname374,lastname374,14/1/2022,True,5,14
375,375,user375@testemail.com,password375,salt375,firstname375,lastname375,15/1/2022,True,6,15
376,376,user376@testemail.com,password376,salt376,firstname376,lastname376,16/1/2022,True,7,16
377,377,user377@testemail.com,password377,salt377,firstname377,lastname377,17/1/2022,True,8,17
378,378,user378@testemail.com,password378,salt378,firstname378,lastname378,18/1/2022,True,9,18
379,379,user379@testemail.com,password379,salt379,firstname379,lastname379,19/1/2022,True,10,19
380,380,user380@testemail.com,password380,salt380,firstname380,lastname380,20/1/2022,True,1,0
381,381,user381@testemail.com,password381,salt381,firstname381,lastname381,21/1/2022,True,2,1
382,382,user382@testemail.com,password382,salt382,firstname382,lastname382,22/1/2022,True,3,2
383,383,user383@testemail.com,password383,salt383,firstname383,lastname383,23/1/2022,True,4,3
384,384,user384@testemail.com,password384,salt384,firstname384,lastname384,24/1/2022,True,5,4
385,385,user385@testemail.com,password385,salt385,firstname385,lastname385,25/1/2022,True,6,5
386,386,user386@testemail.com,password386,salt386,firstname386,lastname386,26/1/2022,True,7,6
387,387,user387@testemail.com,password387,salt387,firstname387,lastname387,27/1/2022,True,8,7
388,388,user388@testemail.com,password388,salt388,firstname388,lastname388,28/1/2022,True,9,8
389,389,user389@testemail.com,password389,salt389,firstname389,lastname389,29/1/2022,True,10,9
390,390,user390@testemail.com,password390,salt390,firstname390,lastname390,0/1/2022,True,1,10
391,391,user391@testemail.com,password391,salt391,firstname391,lastname391,1/1/2022,True,2,11
392,392,user392@testemail.com,password392,salt392,firstname392,lastname392,2/1/2022,True,3,12
393,393,user393@testemail.com,password393,salt393,firstname393,lastname393,3/1/2022,True,4,13
394,394,user394@testemail.com,password394,salt394,firstname394,lastname394,4/1/2022,True,5,14
395,395,user395@testemail.com,password395,salt395,firstname395,lastname395,5/1/2022,True,6,15
396,396,user396@testemail.com,password396,salt396,firstname396,lastname396,6/1/2022,True,7,16
397,397,user397@testemail.com,password397,salt397,firstname397,lastname397,7/1/2022,True,8,17
398,398,user398@testemail.com,password398,salt398,firstname398,lastname398,8/1/2022,True,9,18
399,399,user399@testemail.com,password399,salt399,firstname399,lastname399,9/1/2022,True,10,19
400,400,user400@testemail.com,password400,salt400,firstname400,lastname400,10/1/2022,True,1,0
401,401,user401@testemail.com,password401,salt401,firstname401,lastname401,11/1/2022,True,2,1
402,402,user402@testemail.com,password402,salt402,firstname402,lastname402,12/1/2022,True,3,2
403,403,user403@testemail.com,password403,salt403,firstname403,lastname403,13/1/2022,True,4,3
404,404,user404@testemail.com,password404,salt404,firstname404,lastname404,14/1/2022,True,5,4
405,405,user405@testemail.com,password405,salt405,firstname405,lastname405,15/1/2022,True,6,5
406,406,user406@testemail.com,password406,salt406,firstname406,lastname406,16/1/2022,True,7,6
407,407,user407@testemail.com,password407,salt407,firstname407,lastname407,17/1/2022,True,8,7
408,408,user408@testemail.com,password408,salt408,firstname408,lastname408,18/1/2022,True,9,8
409,409,user409@testemail.com,password409,salt409,firstname409,lastname409,19/1/2022,True,10,9
410,410,user410@testemail.com,password410,salt410,firstname410,lastname410,20/1/2022,True,1,10
411,411,user411@testemail.com,password411,salt411,firstname411,lastname411,21/1/2022,True,2,11
412,412,user412@testemail.com,password412,salt412,firstname412,lastname412,22/1/2022,True,3,12
413,413,user413@testemail.com,password413,salt413,firstname413,lastname413,23/1/2022,True,4,13
414,414,user414@testemail.com,password414,salt414,firstname414,lastname414,24/1/2022,True,5,14
415,415,user415@testemail.com,password415,salt415,firstname415,lastname415,25/1/2022,True,6,15
416,416,user416@testemail.com,password416,salt416,firstname416,lastname416,26/1/2022,True,7,16
417,417,user417@testemail.com,password417,salt417,firstname417,lastname417,27/1/2022,True,8,17
418,418,user418@testemail.com,password418,salt418,firstname418,lastname418,28/1/2022,True,9,18
419,419,user419@testemail.com,password419,salt419,firstname419,lastname419,29/1/2022,True,10,19
420,420,user420@testemail.com,password420,salt420,firstname420,lastname420,0/1/2022,True,1,0
421,421,user421@testemail.com,password421,salt421,firstname421,lastname421,1/1/2022,True,2,1
422,422,user422@testemail.com,password422,salt422,firstname422,lastname422,2/1/2022,True,3,2
423,423,user423@testemail.com,password423,salt423,firstname423,lastname423,3/1/2022,True,4,3
424,424,user424@testemail.com,password424,salt424,firstname424,lastname424,4/1/2022,True,5,4
425,425,user425@testemail.com,password425,salt425,firstname425,lastname425,5/1/2022,True,6,5
426,426,user426@testemail.com,password426,salt426,firstname426,lastname426,6/1/2022,True,7,6
427,427,user427@testemail.com,password427,salt427,firstname427,lastname427,7/1/2022,True,8,7
428,428,user428@testemail.com,password428,salt428,firstname428,lastname428,8/1/2022,True,9,8
429,429,user429@testemail.com,password429,salt429,firstname429,lastname429,9/1/2022,True,10,9
430,430,user430@testemail.com,password430,salt430,firstname430,lastname430,10/1/2022,True,1,10
431,431,user431@testemail.com,password431,salt431,firstname431,lastname431,11/1/2022,True,2,11
432,432,user432@testemail.com,password432,salt432,firstname432,lastname432,12/1/2022,True,3,12
433,433,user433@testemail.com,password433,salt433,firstname433,lastname433,13/1/2022,True,4,13
434,434,user434@testemail.com,password434,salt434,firstname434,lastname434,14/1/2022,True,5,14
435,435,user435@testemail.com,password435,salt435,firstname435,lastname435,15/1/2022,True,6,15
436,436,user436@testemail.com,password436,salt436,firstname436,lastname436,16/1/2022,True,7,16
437,437,user437@testemail.com,password437,salt437,firstname437,lastname437,17/1/2022,True,8,17
438,438,user438@testemail.com,password438,salt438,firstname438,lastname438,18/1/2022,True,9,18
439,439,user439@testemail.com,password439,salt439,firstname439,lastname439,19/1/2022,True,10,19
440,440,user440@testemail.com,password440,salt440,firstname440,lastname440,20/1/2022,True,1,0
441,441,user441@testemail.com,password441,salt441,firstname441,lastname441,21/1/2022,True,2,1
442,442,user442@testemail.com,password442,salt442,firstname442,lastname442,22/1/2022,True,3,2
443,443,user443@testemail.com,password443,salt443,firstname443,lastname443,23/1/2022,True,4,3
444,444,user444@testemail.com,password444,salt444,firstname444,lastname444,24/1/2022,True,5,4
445,445,user445@testemail.com,password445,salt445,firstname445,lastname445,25/1/2022,True,6,5
446,446,user446@testemail.com,password446,salt446,firstname446,lastname446,26/1/2022,True,7,6
447,447,user447@testemail.com,password447,salt447,firstname447,lastname447,27/1/2022,True,8,7
448,448,user448@testemail.com,password448,salt448,firstname448,lastname448,28/1/2022,True,9,8
449,449,user449@testemail.com,password449,salt449,firstname449,lastname449,29/1/2022,True,10,9
450,450,user450@testemail.com,password450,salt450,firstname450,lastname450,0/1/2022,True,1,10
451,451,user451@testemail.com,password451,salt451,firstname451,lastname451,1/1/2022,True,2,11
452,452,user452@testemail.com,password452,salt452,firstname452,lastname452,2/1/2022,True,3,12
453,453,user453@testemail.com,password453,salt453,firstname453,lastname453,3/1/2022,True,4,13
454,454,user454@testemail.com,password454,salt454,firstname454,lastname454,4/1/2022,True,5,14
455,455,user455@testemail.com,password455,salt455,firstname455,lastname455,5/1/2022,True,6,15
456,456,user456@testemail.com,password456,salt456,firstname456,lastname456,6/1/2022,True,7,16
457,457,user457@testemail.com,password457,salt457,firstname457,lastname457,7/1/2022,True,8,17
458,458,user458@testemail.com,password458,salt458,firstname458,lastname458,8/1/2022,True,9,18
459,459,user459@testemail.com,password459,salt459,firstname459,lastname459,9/1/2022,True,10,19
460,460,user460@testemail.com,password460,salt460,firstname460,lastname460,10/1/2022,True,1,0
461,461,user461@testemail.com,password461,salt461,firstname461,lastname461,11/1/2022,True,2,1
462,462,user462@testemail.com,password462,salt462,firstname462,lastname462,12/1/2022,True,3,2
463,463,user463@testemail.com,password463,salt463,firstname463,lastname463,13/1/2022,True,4,3
464,464,user464@testemail.com,password464,salt464,firstname464,lastname464,14/1/2022,True,5,4
465,465,user465@testemail.com,password465,salt465,firstname465,lastname465,15/1/2022,True,6,5
466,466,user466@testemail.com,password466,salt466,firstname466,lastname466,16/1/2022,True,7,6
467,467,user467@testemail.com,password467,salt467,firstname467,lastname467,17/1/2022,True,8,7
468,468,user468@testemail.com,password468,salt468,firstname468,lastname468,18/1/2022,True,9,8
469,469,user469@testemail.com,password469,salt469,firstname469,lastname469,19/1/2022,True,10,9
470,470,user470@testemail.com,password470,salt470,firstname470,lastname470,20/1/2022,True,1,10
471,471,user471@testemail.com,password471,salt471,firstname471,lastname471,21/1/2022,True,2,11
472,472,user472@testemail.com,password472,salt472,firstname472,lastname472,22/1/2022,True,3,12
473,473,user473@testemail.com,password473,salt473,firstname473,lastname473,23/1/2022,True,4,13
474,474,user474@testemail.com,password474,salt474,firstname474,lastname474,24/1/2022,True,5,14
475,475,user475@testemail.com,password475,salt475,firstname475,lastname475,25/1/2022,True,6,15
476,476,user476@testemail.com,password476,salt476,firstname476,lastname476,26/1/2022,True,7,16
477,477,user477@testemail.com,password477,salt477,firstname477,lastname477,27/1/2022,True,8,17
478,478,user478@testemail.com,password478,salt478,firstname478,lastname478,28/1/2022,True,9,18
479,479,user479@testemail.com,password479,salt479,firstname479,lastname479,29/1/2022,True,10,19
480,480,user480@testemail.com,password480,salt480,firstname480,lastname480,0/1/2022,True,1,0
481,481,user481@testemail.com,password481,salt481,firstname481,lastname481,1/1/2022,True,2,1
482,482,user482@testemail.com,password482,salt482,firstname482,lastname482,2/1/2022,True,3,2
483,483,user483@testemail.com,password483,salt483,firstname483,lastname483,3/1/2022,True,4,3
484,484,user484@testemail.com,password484,salt484,firstname484,lastname484,4/1/2022,True,5,4
485,485,user485@testemail.com,password485,salt485,firstname485,lastname485,5/1/2022,True,6,5
486,486,user486@testemail.com,password486,salt486,firstname486,lastname486,6/1/2022,True,7,6
487,487,user487@testemail.com,password487,salt487,firstname487,lastname487,7/1/2022,True,8,7
488,488,user488@testemail.com,password488,salt488,firstname488,lastname488,8/1/2022,True,9,8
489,489,user489@testemail.com,password489,salt489,firstname489,lastname489,9/1/2022,True,10,9
490,490,user490@testemail.com,password490,salt490,firstname490,lastname490,10/1/2022,True,1,10
491,491,user491@testemail.com,password491,salt491,firstname491,lastname491,11/1/2022,True,2,11
492,492,user492@testemail.com,password492,salt492,firstname492,lastname492,12/1/2022,True,3,12
493,493,user493@testemail.com,password493,salt493,firstname493,lastname493,13/1/2022,True,4,13
494,494,user494@testemail.com,password494,salt494,firstname494,lastname494,14/1/2022,True,5,14
495,495,user495@testemail.com,password495,salt495,firstname495,lastname495,15/1/2022,True,6,15
496,496,user496@testemail.com,password496,salt496,firstname496,lastname496,16/1/2022,True,7,16
497,497,user497@testemail.com,password497,salt497,firstname497,lastname497,17/1/2022,True,8,17
498,498,user498@testemail.com,password498,salt498,firstname498,lastname498,18/1/2022,True,9,18
499,499,user499@testemail.com,password499,salt499,firstname499,lastname499,19/1/2022,True,10,19
